1,1999年度 学位論文紹介,group_14
2,90年代の気象学への手引,group_25
3,90年代への気象学への手引,group_25
4,91年代の気象学への手引,group_25
5,92年代の気象学への手引,group_25
6,93年代の気象学への手引,group_25
7,94年代の気象学への手引,group_25
8,GARP NEWS,group_25
9,GARPNEWS,group_25
10,GARPの窓,group_25
11,IAMAP,group_25
12,IUGG 2003,group_25
13,NEWS,group_25
14,NEWS（4月号まで）、気候情報（5月号から）,group_25
15,WCPの窓,group_25
16,「天気」内容分類番号,group_25
17,「天気」原稿執筆要領,group_25
18,「天気」投稿案内,group_25
19,「天気」投稿規程,group_25
20,「天気」第57巻総目次,group_25
21,その他,group_25
22,カラーページ,group_25
23,シンポジウム,group_05
24,シンポジウム・講演会,group_25
25,世界の天候,group_19
26,事務局だより,group_25
27,今年お世話になったレフェリーの方々,group_25
28,今月のひまわり画像,group_18
29,会員の広場,group_16
30,会員の広場〔その他〕,group_16
31,例会のお知らせ,group_25
32,例会・シンポジウム・講演会,group_24
33,例会・総会・大会,group_25
34,写真,group_25
35,写真解説,group_25
36,写真説明,group_25
37,出版紹介,group_25
38,創立125周年記念解説,group_25
39,口絵,group_25
40,口絵写真,group_25
41,口絵説明,group_25
42,地区だより,group_23
43,地方だより,group_23
44,地方だより，支部便り,group_23
45,地方便り,group_23
46,報告,group_25
47,報告及び学界ニュース,group_25
48,天気の教室,group_08
49,学会だより,group_22
50,学会だより[IUGG2003],group_22
51,学会だより[IUGG2004],group_22
52,学会だより[例会・シンポジウム・講演会],group_22
53,学会だより[例会・シンポジウム・講演会関係],group_22
54,学会だより[日本気象学会大会],group_22
55,学会だより[議事録および新入会員],group_22
56,学会だより[賞・奨励金関係],group_22
57,学会だより[隣接分野・その他],group_22
58,学会だより「隣接分野・その他」,group_22
59,学会だより〔その他〕,group_22
60,学会だより〔ノート・集誌・外国文献関係〕,group_22
61,学会だより〔ノート・集誌・外国文献集関係〕,group_22
62,学会だより〔例会・シンポジウム・講演会関係〕,group_22
63,学会だより〔例会・シンポジウム・講演関係〕,group_22
64,学会だより〔例会・シンポジウム等のお知らせ〕,group_22
65,学会だより〔例会・総会・大会〕,group_22
66,学会だより〔例外・シンポジウム等のお知らせ〕,group_22
67,学会だより〔大会・講演会〕,group_22
68,学会だより〔支部だより〕,group_22
69,学会だより〔日本気象学会100周年記念事業関係〕,group_22
70,学会だより〔日本気象学会100年記念事業関係〕,group_22
71,学会だより〔日本気象学会101年記念事業関係〕,group_22
72,学会だより〔日本気象学会102年記念事業関係〕,group_22
73,学会だより〔日本気象学会・講演会〕,group_22
74,学会だより〔日本気象学会・講演会関係〕,group_22
75,学会だより〔日本気象学会大会〕,group_22
76,学会だより〔日本気象学会大会・講演会〕,group_22
77,学会だより〔日本気象学会大会・講演会関係〕,group_22
78,学会だより〔理事会だより〕,group_22
79,学会だより〔議事録および会員名簿〕,group_22
80,学会だより〔議事録および新入会員〕,group_22
81,学会だより〔賞・奨励金関係〕,group_22
82,学会だより〔隣接分野〕,group_22
83,学会だより〔隣接分野・その他〕,group_22
84,学会だより｢隣接分野・その他｣,group_22
85,学会ニュース,group_25
86,学会刊行物,group_25
87,学会消息,group_25
88,学会関係記事,group_25
89,学会関係記事　国際関係,group_25
90,学会関係記事　学会だより,group_25
91,学会関係記事　議事録および会員名簿,group_25
92,学会関係記事　隣接分野関係・他団体関係,group_25
93,学会関係記事〔シンポジウムのお知らせ〕,group_25
94,学会関係記事〔例会のお知らせ〕,group_25
95,学会関係記事〔例会・シンポジウムのお知らせ〕,group_25
96,学会関係記事〔例会・シンポジウム等のお知らせ〕,group_25
97,学会関係記事〔口絵写真〕,group_25
98,学会関係記事〔国際関係〕,group_25
99,学会関係記事〔大会・講演会〕,group_25
100,学会関係記事〔学会だより〕,group_25
101,学会関係記事〔新刊紹介・書評〕,group_25
102,学会関係記事〔議事録および会員名簿〕,group_25
103,学会関係記事〔隣接分野〕,group_25
104,学会関係記事〔隣接分野関係〕,group_25
105,学会関連記事,group_25
106,学位論文紹介,group_14
107,学界消息,group_25
108,学界関係記事,group_25
109,宇宙から見た気象,group_25
110,寄書,group_25
111,巻頭言,group_25
112,座談会およびシンポジウム,group_25
113,情報 File,group_24
114,情報 File 一覧表,group_24
115,情報File,group_24
116,情報File一覧表,group_24
117,情報の広場,group_20
118,投書,group_25
119,投稿,group_25
120,投稿・その他,group_25
121,支部だより,group_23
122,支部便り,group_23
123,支部関係記事,group_23
124,新刊図書案内,group_21
125,新刊紹介・書評,group_21
126,新書紹介,group_21
127,新理事長挨拶,group_25
128,新用語解説,group_10
129,日々の天気図,group_17
130,日々の天気図・今月のひまわり画像,group_18
131,日々の天気図・今月の衛星画像,group_18
132,日本気象学会創立100周年記念レビュー,group_25
133,日本気象学会創立100周年記念特別企画関係,group_25
134,日本気象学会創立100周年記念特別企画関係・目録,group_25
135,日本気象学会創立100周年記念特別企画関係・通史,group_25
136,日本気象学会大会,group_25
137,普及講座,group_25
138,書評,group_15
139,最近の学術動向,group_07
140,最近の研究から,group_25
141,月例会報告,group_25
142,月例報告,group_25
143,本だな,group_15
144,本学会関係記事,group_25
145,正誤表,group_25
146,気候情報,group_19
147,気象のABC,group_25
148,気象情報,group_25
149,気象業務の窓,group_13
150,気象界消息,group_25
151,気象談話室,group_09
152,気象集誌,group_25
153,気象集誌論文へのアドバイス,group_25
154,海外だより,group_12
155,特集,group_25
156,理事会だより,group_25
157,理事会便り,group_25
158,理事長メッセージ,group_25
159,理事長挨拶,group_25
160,用語解説,group_10
161,短報,group_02
162,研究会報告,group_06
163,研究機関めぐり,group_25
164,素顔’87,group_25
165,素顔’88,group_25
166,素顔’89,group_25
167,素顔’91,group_25
168,素顔’92,group_25
169,素顔’93,group_25
170,素顔’95,group_25
171,素顔’97,group_25
172,紹介,group_25
173,紹介・話題・寄稿,group_25
174,続・気象学入門講座,group_25
175,総会・大会・例会,group_25
176,総合報告,group_25
177,総目次,group_25
178,総説,group_25
179,編集委員会だより,group_25
180,編集後記,group_25
181,表紙,group_25
182,表紙写真,group_25
183,裏表紙写真,group_25
184,解説,group_03
185,訂正,group_25
186,話題,group_25
187,話題、雲鏡、寄稿など,group_25
188,話題・寄稿,group_25
189,読者だより,group_25
190,調査ノート,group_04
191,論壇,group_25
192,論文,group_01
193,論説,group_25
194,講座,group_25
195,講演,group_25
196,講演会の紹介,group_25
197,講話,group_25
198,賞・奨励金関係,group_25
199,質疑,group_11
200,質疑応答,group_11
201,追悼文,group_25
202,通信欄,group_25
203,速報,group_25
204,関連行事予定,group_25
205,隣接分野・その他,group_25
206,雑文,group_25
